0	26	/{tmp/channel-upstream-audit-20260906/snapshot/slack/reference/account-configured.ts => dev/null}
0	218	/{tmp/channel-upstream-audit-20260906/snapshot/slack/reference/account-inspect.ts => dev/null}
0	34	/{tmp/channel-upstream-audit-20260906/snapshot/slack/reference/account-reply-mode.ts => dev/null}
0	16	/{tmp/channel-upstream-audit-20260906/snapshot/slack/reference/account-surface-fields.ts => dev/null}
0	6	/{tmp/channel-upstream-audit-20260906/snapshot/slack/reference/accounts.runtime.ts => dev/null}
0	302	/{tmp/channel-upstream-audit-20260906/snapshot/slack/reference/accounts.ts => dev/null}
0	2	/{tmp/channel-upstream-audit-20260906/snapshot/slack/reference/action-runtime.runtime.ts => dev/null}
0	1059	/{tmp/channel-upstream-audit-20260906/snapshot/slack/reference/action-runtime.ts => dev/null}
0	38	/{tmp/channel-upstream-audit-20260906/snapshot/slack/reference/action-threading.ts => dev/null}
0	18	/{tmp/channel-upstream-audit-20260906/snapshot/slack/reference/actions.runtime.ts => dev/null}
0	752	/{tmp/channel-upstream-audit-20260906/snapshot/slack/reference/actions.ts => dev/null}
0	71	/{tmp/channel-upstream-audit-20260906/snapshot/slack/reference/agent-context.ts => dev/null}
0	62	/{tmp/channel-upstream-audit-20260906/snapshot/slack/reference/approval-actions.ts => dev/null}
0	25	/{tmp/channel-upstream-audit-20260906/snapshot/slack/reference/approval-auth.ts => dev/null}
0	597	/{tmp/channel-upstream-audit-20260906/snapshot/slack/reference/approval-handler.runtime.ts => dev/null}
0	485	/{tmp/channel-upstream-audit-20260906/snapshot/slack/reference/approval-native-gates.ts => dev/null}
0	232	/{tmp/channel-upstream-audit-20260906/snapshot/slack/reference/approval-native.ts => dev/null}
0	59	/{tmp/channel-upstream-audit-20260906/snapshot/slack/reference/authored-text.ts => dev/null}
0	288	/{tmp/channel-upstream-audit-20260906/snapshot/slack/reference/blocks-fallback.ts => dev/null}
0	46	/{tmp/channel-upstream-audit-20260906/snapshot/slack/reference/blocks-input.ts => dev/null}
0	668	/{tmp/channel-upstream-audit-20260906/snapshot/slack/reference/blocks-render.ts => dev/null}
0	118	/{tmp/channel-upstream-audit-20260906/snapshot/slack/reference/channel-actions.ts => dev/null}
0	28	/{tmp/channel-upstream-audit-20260906/snapshot/slack/reference/channel-api.ts => dev/null}
0	108	/{tmp/channel-upstream-audit-20260906/snapshot/slack/reference/channel-migration.ts => dev/null}
0	165	/{tmp/channel-upstream-audit-20260906/snapshot/slack/reference/channel-type.ts => dev/null}
0	60	/{tmp/channel-upstream-audit-20260906/snapshot/slack/reference/channel.setup.ts => dev/null}
0	1010	/{tmp/channel-upstream-audit-20260906/snapshot/slack/reference/channel.ts => dev/null}
492	0	/{dev/null => tmp/channel-upstream-audit-20260906/snapshot/slack/local/client/web-api.ts}
0	351	/{tmp/channel-upstream-audit-20260906/snapshot/slack/reference/client-delivery.ts => dev/null}
0	142	/{tmp/channel-upstream-audit-20260906/snapshot/slack/reference/client-options.ts => dev/null}
0	159	/{tmp/channel-upstream-audit-20260906/snapshot/slack/reference/client.ts => dev/null}
0	29	/{tmp/channel-upstream-audit-20260906/snapshot/slack/reference/config-adapter.ts => dev/null}
0	308	/{tmp/channel-upstream-audit-20260906/snapshot/slack/reference/config-schema.ts => dev/null}
0	146	/{tmp/channel-upstream-audit-20260906/snapshot/slack/reference/config-ui-hints.ts => dev/null}
23	0	/{dev/null => tmp/channel-upstream-audit-20260906/snapshot/slack/local/conversation-metadata.ts}
0	35	/{tmp/channel-upstream-audit-20260906/snapshot/slack/reference/cursor-pages.ts => dev/null}
0	430	/{tmp/channel-upstream-audit-20260906/snapshot/slack/reference/data-table.ts => dev/null}
0	245	/{tmp/channel-upstream-audit-20260906/snapshot/slack/reference/data-visualization.ts => dev/null}
0	12	/{tmp/channel-upstream-audit-20260906/snapshot/slack/reference/detached-target-admission.ts => dev/null}
0	66	/{tmp/channel-upstream-audit-20260906/snapshot/slack/reference/directory-config.ts => dev/null}
0	178	/{tmp/channel-upstream-audit-20260906/snapshot/slack/reference/directory-live.ts => dev/null}
0	225	/{tmp/channel-upstream-audit-20260906/snapshot/slack/reference/doctor-contract.ts => dev/null}
0	252	/{tmp/channel-upstream-audit-20260906/snapshot/slack/reference/doctor.ts => dev/null}
0	115	/{tmp/channel-upstream-audit-20260906/snapshot/slack/reference/draft-message-boundaries.ts => dev/null}
0	273	/{tmp/channel-upstream-audit-20260906/snapshot/slack/reference/draft-stream.ts => dev/null}
0	35	/{tmp/channel-upstream-audit-20260906/snapshot/slack/reference/edit-text.ts => dev/null}
24	0	/{dev/null => tmp/channel-upstream-audit-20260906/snapshot/slack/local/entry.ts}
0	156	/{tmp/channel-upstream-audit-20260906/snapshot/slack/reference/errors.ts => dev/null}
0	78	/{tmp/channel-upstream-audit-20260906/snapshot/slack/reference/exec-approvals.ts => dev/null}
0	25	/{tmp/channel-upstream-audit-20260906/snapshot/slack/reference/file-reference.ts => dev/null}
0	554	/{tmp/channel-upstream-audit-20260906/snapshot/slack/reference/format.ts => dev/null}
0	117	/{tmp/channel-upstream-audit-20260906/snapshot/slack/reference/group-policy.ts => dev/null}
0	2	/{tmp/channel-upstream-audit-20260906/snapshot/slack/reference/http/index.ts => dev/null}
0	8	/{tmp/channel-upstream-audit-20260906/snapshot/slack/reference/http/paths.ts => dev/null}
0	31	/{tmp/channel-upstream-audit-20260906/snapshot/slack/reference/http/plugin-routes.ts => dev/null}
0	57	/{tmp/channel-upstream-audit-20260906/snapshot/slack/reference/http/registry.ts => dev/null}
8	27	/tmp/channel-upstream-audit-20260906/snapshot/slack/{reference => local}/index.ts
0	49	/{tmp/channel-upstream-audit-20260906/snapshot/slack/reference/installation-identity-state.ts => dev/null}
0	136	/{tmp/channel-upstream-audit-20260906/snapshot/slack/reference/interactive-dispatch.ts => dev/null}
301	0	/{dev/null => tmp/channel-upstream-audit-20260906/snapshot/slack/local/lifecycle/start-account.ts}
0	15	/{tmp/channel-upstream-audit-20260906/snapshot/slack/reference/limits.ts => dev/null}
0	375	/{tmp/channel-upstream-audit-20260906/snapshot/slack/reference/message-action-dispatch.ts => dev/null}
0	101	/{tmp/channel-upstream-audit-20260906/snapshot/slack/reference/message-actions.ts => dev/null}
0	117	/{tmp/channel-upstream-audit-20260906/snapshot/slack/reference/message-sent-hook.ts => dev/null}
0	138	/{tmp/channel-upstream-audit-20260906/snapshot/slack/reference/message-tool-api.ts => dev/null}
0	28	/{tmp/channel-upstream-audit-20260906/snapshot/slack/reference/modal-metadata.ts => dev/null}
0	209	/{tmp/channel-upstream-audit-20260906/snapshot/slack/reference/monitor/agent-view-state.ts => dev/null}
0	163	/{tmp/channel-upstream-audit-20260906/snapshot/slack/reference/monitor/allow-list.ts => dev/null}
0	117	/{tmp/channel-upstream-audit-20260906/snapshot/slack/reference/monitor/assistant-thread-context.ts => dev/null}
0	713	/{tmp/channel-upstream-audit-20260906/snapshot/slack/reference/monitor/auth.ts => dev/null}
0	153	/{tmp/channel-upstream-audit-20260906/snapshot/slack/reference/monitor/block-text.ts => dev/null}
0	145	/{tmp/channel-upstream-audit-20260906/snapshot/slack/reference/monitor/channel-config.ts => dev/null}
0	57	/{tmp/channel-upstream-audit-20260906/snapshot/slack/reference/monitor/channel-type.ts => dev/null}
0	39	/{tmp/channel-upstream-audit-20260906/snapshot/slack/reference/monitor/commands.ts => dev/null}
0	15	/{tmp/channel-upstream-audit-20260906/snapshot/slack/reference/monitor/config.runtime.ts => dev/null}
0	562	/{tmp/channel-upstream-audit-20260906/snapshot/slack/reference/monitor/context.ts => dev/null}
0	8	/{tmp/channel-upstream-audit-20260906/snapshot/slack/reference/monitor/conversation.runtime.ts => dev/null}
0	23	/{tmp/channel-upstream-audit-20260906/snapshot/slack/reference/monitor/deferred-action-routing.ts => dev/null}
0	85	/{tmp/channel-upstream-audit-20260906/snapshot/slack/reference/monitor/dm-auth.ts => dev/null}
0	286	/{tmp/channel-upstream-audit-20260906/snapshot/slack/reference/monitor/enterprise-install.ts => dev/null}
0	96	/{tmp/channel-upstream-audit-20260906/snapshot/slack/reference/monitor/event-scope.ts => dev/null}
0	29	/{tmp/channel-upstream-audit-20260906/snapshot/slack/reference/monitor/events/agent.ts => dev/null}
0	169	/{tmp/channel-upstream-audit-20260906/snapshot/slack/reference/monitor/events/assistant.ts => dev/null}
0	219	/{tmp/channel-upstream-audit-20260906/snapshot/slack/reference/monitor/events/channels.ts => dev/null}
0	86	/{tmp/channel-upstream-audit-20260906/snapshot/slack/reference/monitor/events/home.ts => dev/null}
0	1244	/{tmp/channel-upstream-audit-20260906/snapshot/slack/reference/monitor/events/interactions.block-actions.ts => dev/null}
0	526	/{tmp/channel-upstream-audit-20260906/snapshot/slack/reference/monitor/events/interactions.modal.ts => dev/null}
0	171	/{tmp/channel-upstream-audit-20260906/snapshot/slack/reference/monitor/events/interactions.shortcuts.ts => dev/null}
0	220	/{tmp/channel-upstream-audit-20260906/snapshot/slack/reference/monitor/events/interactions.ts => dev/null}
0	105	/{tmp/channel-upstream-audit-20260906/snapshot/slack/reference/monitor/events/members.ts => dev/null}
0	72	/{tmp/channel-upstream-audit-20260906/snapshot/slack/reference/monitor/events/message-subtype-handlers.ts => dev/null}
0	411	/{tmp/channel-upstream-audit-20260906/snapshot/slack/reference/monitor/events/messages.ts => dev/null}
0	22	/{tmp/channel-upstream-audit-20260906/snapshot/slack/reference/monitor/events/modal-input-summary.ts => dev/null}
0	123	/{tmp/channel-upstream-audit-20260906/snapshot/slack/reference/monitor/events/pins.ts => dev/null}
0	141	/{tmp/channel-upstream-audit-20260906/snapshot/slack/reference/monitor/events/reactions.ts => dev/null}
0	72	/{tmp/channel-upstream-audit-20260906/snapshot/slack/reference/monitor/events/system-event-context.ts => dev/null}
0	48	/{tmp/channel-upstream-audit-20260906/snapshot/slack/reference/monitor/events.ts => dev/null}
0	84	/{tmp/channel-upstream-audit-20260906/snapshot/slack/reference/monitor/external-arg-menu-store.ts => dev/null}
0	364	/{tmp/channel-upstream-audit-20260906/snapshot/slack/reference/monitor/ingress.ts => dev/null}
0	22	/{tmp/channel-upstream-audit-20260906/snapshot/slack/reference/monitor/lru-map-cache.ts => dev/null}
0	8	/{tmp/channel-upstream-audit-20260906/snapshot/slack/reference/monitor/media-types.ts => dev/null}
0	4	/{tmp/channel-upstream-audit-20260906/snapshot/slack/reference/monitor/media.runtime.ts => dev/null}
0	509	/{tmp/channel-upstream-audit-20260906/snapshot/slack/reference/monitor/media.ts => dev/null}
0	79	/{tmp/channel-upstream-audit-20260906/snapshot/slack/reference/monitor/message-dispatch-dedupe.ts => dev/null}
0	49	/{tmp/channel-upstream-audit-20260906/snapshot/slack/reference/monitor/message-handler/debounce-key.ts => dev/null}
0	261	/{tmp/channel-upstream-audit-20260906/snapshot/slack/reference/monitor/message-handler/dispatch-helpers.ts => dev/null}
0	191	/{tmp/channel-upstream-audit-20260906/snapshot/slack/reference/monitor/message-handler/dispatch-progress-card.ts => dev/null}
0	105	/{tmp/channel-upstream-audit-20260906/snapshot/slack/reference/monitor/message-handler/dispatch-progress-native.ts => dev/null}
0	92	/{tmp/channel-upstream-audit-20260906/snapshot/slack/reference/monitor/message-handler/dispatch-progress-render.ts => dev/null}
0	691	/{tmp/channel-upstream-audit-20260906/snapshot/slack/reference/monitor/message-handler/dispatch-progress.ts => dev/null}
0	360	/{tmp/channel-upstream-audit-20260906/snapshot/slack/reference/monitor/message-handler/dispatch-setup.ts => dev/null}
0	620	/{tmp/channel-upstream-audit-20260906/snapshot/slack/reference/monitor/message-handler/dispatch-streaming.ts => dev/null}
0	729	/{tmp/channel-upstream-audit-20260906/snapshot/slack/reference/monitor/message-handler/dispatch.ts => dev/null}
0	3	/{tmp/channel-upstream-audit-20260906/snapshot/slack/reference/monitor/message-handler/pipeline.runtime.ts => dev/null}
0	87	/{tmp/channel-upstream-audit-20260906/snapshot/slack/reference/monitor/message-handler/preflight-audio.ts => dev/null}
0	237	/{tmp/channel-upstream-audit-20260906/snapshot/slack/reference/monitor/message-handler/prepare-content.ts => dev/null}
0	131	/{tmp/channel-upstream-audit-20260906/snapshot/slack/reference/monitor/message-handler/prepare-dm-history.ts => dev/null}
0	337	/{tmp/channel-upstream-audit-20260906/snapshot/slack/reference/monitor/message-handler/prepare-routing.ts => dev/null}
0	129	/{tmp/channel-upstream-audit-20260906/snapshot/slack/reference/monitor/message-handler/prepare-thread-context-root.ts => dev/null}
0	436	/{tmp/channel-upstream-audit-20260906/snapshot/slack/reference/monitor/message-handler/prepare-thread-context.ts => dev/null}
0	1895	/{tmp/channel-upstream-audit-20260906/snapshot/slack/reference/monitor/message-handler/prepare.ts => dev/null}
0	198	/{tmp/channel-upstream-audit-20260906/snapshot/slack/reference/monitor/message-handler/preview-finalize.ts => dev/null}
0	126	/{tmp/channel-upstream-audit-20260906/snapshot/slack/reference/monitor/message-handler/subteam-mentions.ts => dev/null}
0	17	/{tmp/channel-upstream-audit-20260906/snapshot/slack/reference/monitor/message-handler/timestamp.ts => dev/null}
0	46	/{tmp/channel-upstream-audit-20260906/snapshot/slack/reference/monitor/message-handler/types.ts => dev/null}
0	485	/{tmp/channel-upstream-audit-20260906/snapshot/slack/reference/monitor/message-handler.ts => dev/null}
0	9	/{tmp/channel-upstream-audit-20260906/snapshot/slack/reference/monitor/mrkdwn.ts => dev/null}
0	14	/{tmp/channel-upstream-audit-20260906/snapshot/slack/reference/monitor/policy.ts => dev/null}
0	15	/{tmp/channel-upstream-audit-20260906/snapshot/slack/reference/monitor/presence-cooldown-store.ts => dev/null}
0	410	/{tmp/channel-upstream-audit-20260906/snapshot/slack/reference/monitor/presence-monitor.ts => dev/null}
0	517	/{tmp/channel-upstream-audit-20260906/snapshot/slack/reference/monitor/provider-support.ts => dev/null}
0	1128	/{tmp/channel-upstream-audit-20260906/snapshot/slack/reference/monitor/provider.ts => dev/null}
0	164	/{tmp/channel-upstream-audit-20260906/snapshot/slack/reference/monitor/reconnect-policy.ts => dev/null}
0	387	/{tmp/channel-upstream-audit-20260906/snapshot/slack/reference/monitor/relay-source.ts => dev/null}
0	721	/{tmp/channel-upstream-audit-20260906/snapshot/slack/reference/monitor/replies.ts => dev/null}
0	33	/{tmp/channel-upstream-audit-20260906/snapshot/slack/reference/monitor/response-url-budget.ts => dev/null}
0	31	/{tmp/channel-upstream-audit-20260906/snapshot/slack/reference/monitor/room-context.ts => dev/null}
0	7	/{tmp/channel-upstream-audit-20260906/snapshot/slack/reference/monitor/send.runtime.ts => dev/null}
0	48	/{tmp/channel-upstream-audit-20260906/snapshot/slack/reference/monitor/slash-commands.runtime.ts => dev/null}
0	75	/{tmp/channel-upstream-audit-20260906/snapshot/slack/reference/monitor/slash-dispatch.runtime.ts => dev/null}
0	11	/{tmp/channel-upstream-audit-20260906/snapshot/slack/reference/monitor/slash-skill-commands.runtime.ts => dev/null}
0	1316	/{tmp/channel-upstream-audit-20260906/snapshot/slack/reference/monitor/slash.ts => dev/null}
0	55	/{tmp/channel-upstream-audit-20260906/snapshot/slack/reference/monitor/suggested-prompts.ts => dev/null}
0	157	/{tmp/channel-upstream-audit-20260906/snapshot/slack/reference/monitor/system-event-session.ts => dev/null}
0	208	/{tmp/channel-upstream-audit-20260906/snapshot/slack/reference/monitor/thread-resolution.ts => dev/null}
0	2	/{tmp/channel-upstream-audit-20260906/snapshot/slack/reference/monitor/thread.runtime.ts => dev/null}
0	303	/{tmp/channel-upstream-audit-20260906/snapshot/slack/reference/monitor/thread.ts => dev/null}
0	105	/{tmp/channel-upstream-audit-20260906/snapshot/slack/reference/monitor/types.ts => dev/null}
0	32	/{tmp/channel-upstream-audit-20260906/snapshot/slack/reference/monitor/workspace-routing.ts => dev/null}
0	6	/{tmp/channel-upstream-audit-20260906/snapshot/slack/reference/monitor.ts => dev/null}
336	0	/{dev/null => tmp/channel-upstream-audit-20260906/snapshot/slack/local/mrkdwn.ts}
0	210	/{tmp/channel-upstream-audit-20260906/snapshot/slack/reference/native-data-blocks.ts => dev/null}
0	190	/{tmp/channel-upstream-audit-20260906/snapshot/slack/reference/native-data-fallback.ts => dev/null}
0	420	/{tmp/channel-upstream-audit-20260906/snapshot/slack/reference/outbound-adapter.ts => dev/null}
116	0	/{dev/null => tmp/channel-upstream-audit-20260906/snapshot/slack/local/outbound-media.ts}
282	0	/{dev/null => tmp/channel-upstream-audit-20260906/snapshot/slack/local/outbound.ts}
46	0	/{dev/null => tmp/channel-upstream-audit-20260906/snapshot/slack/local/plugin.ts}
0	125	/{tmp/channel-upstream-audit-20260906/snapshot/slack/reference/post-message-identity.ts => dev/null}
0	84	/{tmp/channel-upstream-audit-20260906/snapshot/slack/reference/post-message-payload.ts => dev/null}
0	147	/{tmp/channel-upstream-audit-20260906/snapshot/slack/reference/presentation-fallback.ts => dev/null}
0	36	/{tmp/channel-upstream-audit-20260906/snapshot/slack/reference/presentation.ts => dev/null}
0	86	/{tmp/channel-upstream-audit-20260906/snapshot/slack/reference/probe.ts => dev/null}
0	514	/{tmp/channel-upstream-audit-20260906/snapshot/slack/reference/progress-blocks.ts => dev/null}
0	65	/{tmp/channel-upstream-audit-20260906/snapshot/slack/reference/question-actions.ts => dev/null}
0	54	/{tmp/channel-upstream-audit-20260906/snapshot/slack/reference/reply-action-ids.ts => dev/null}
0	505	/{tmp/channel-upstream-audit-20260906/snapshot/slack/reference/reply-blocks.ts => dev/null}
0	172	/{tmp/channel-upstream-audit-20260906/snapshot/slack/reference/resolve-channels.ts => dev/null}
0	211	/{tmp/channel-upstream-audit-20260906/snapshot/slack/reference/resolve-users.ts => dev/null}
0	34	/{tmp/channel-upstream-audit-20260906/snapshot/slack/reference/runtime-api.ts => dev/null}
26	20	/tmp/channel-upstream-audit-20260906/snapshot/slack/{reference => local}/runtime.ts
0	119	/{tmp/channel-upstream-audit-20260906/snapshot/slack/reference/scopes.ts => dev/null}
0	115	/{tmp/channel-upstream-audit-20260906/snapshot/slack/reference/secret-contract.ts => dev/null}
0	80	/{tmp/channel-upstream-audit-20260906/snapshot/slack/reference/security-audit.ts => dev/null}
0	22	/{tmp/channel-upstream-audit-20260906/snapshot/slack/reference/security-doctor.ts => dev/null}
0	57	/{tmp/channel-upstream-audit-20260906/snapshot/slack/reference/security.ts => dev/null}
0	7	/{tmp/channel-upstream-audit-20260906/snapshot/slack/reference/send.runtime.ts => dev/null}
0	1512	/{tmp/channel-upstream-audit-20260906/snapshot/slack/reference/send.ts => dev/null}
0	159	/{tmp/channel-upstream-audit-20260906/snapshot/slack/reference/sent-thread-cache.ts => dev/null}
0	498	/{tmp/channel-upstream-audit-20260906/snapshot/slack/reference/setup-core.ts => dev/null}
0	167	/{tmp/channel-upstream-audit-20260906/snapshot/slack/reference/setup-shared.ts => dev/null}
0	187	/{tmp/channel-upstream-audit-20260906/snapshot/slack/reference/setup-surface.ts => dev/null}
0	108	/{tmp/channel-upstream-audit-20260906/snapshot/slack/reference/shared.ts => dev/null}
0	62	/{tmp/channel-upstream-audit-20260906/snapshot/slack/reference/stream-mode.ts => dev/null}
0	99	/{tmp/channel-upstream-audit-20260906/snapshot/slack/reference/streaming-compat.ts => dev/null}
0	371	/{tmp/channel-upstream-audit-20260906/snapshot/slack/reference/streaming.ts => dev/null}
0	178	/{tmp/channel-upstream-audit-20260906/snapshot/slack/reference/target-parsing.ts => dev/null}
0	37	/{tmp/channel-upstream-audit-20260906/snapshot/slack/reference/targets.ts => dev/null}
0	24	/{tmp/channel-upstream-audit-20260906/snapshot/slack/reference/thread-ts.ts => dev/null}
0	61	/{tmp/channel-upstream-audit-20260906/snapshot/slack/reference/threading-tool-context.ts => dev/null}
0	68	/{tmp/channel-upstream-audit-20260906/snapshot/slack/reference/threading.ts => dev/null}
0	43	/{tmp/channel-upstream-audit-20260906/snapshot/slack/reference/token.ts => dev/null}
106	0	/{dev/null => tmp/channel-upstream-audit-20260906/snapshot/slack/local/transport/approval-card.ts}
245	0	/{dev/null => tmp/channel-upstream-audit-20260906/snapshot/slack/local/transport/media.ts}
295	0	/{dev/null => tmp/channel-upstream-audit-20260906/snapshot/slack/local/transport/socket-event-filter.ts}
372	0	/{dev/null => tmp/channel-upstream-audit-20260906/snapshot/slack/local/transport/socket-mode.ts}
131	0	/{dev/null => tmp/channel-upstream-audit-20260906/snapshot/slack/local/transport/socket-pool.ts}
198	0	/{dev/null => tmp/channel-upstream-audit-20260906/snapshot/slack/local/transport/socket-reconnect.ts}
0	46	/{tmp/channel-upstream-audit-20260906/snapshot/slack/reference/truncate.ts => dev/null}
0	76	/{tmp/channel-upstream-audit-20260906/snapshot/slack/reference/types.ts => dev/null}
342	0	/{dev/null => tmp/channel-upstream-audit-20260906/snapshot/slack/local/typing.ts}
